filename,error
IMG_20230826_124424.jpg,images do not match
IMG_20250426_134801192_HDR.jpg,images do not match
IMG_20221031_095215712_HDR.jpg,images do not match
IMG_20221002_114346699.jpg,images do not match
IMG_20221113_121804438.jpg,images do not match
IMG_20221113_134044593_HDR.jpg,images do not match
IMG_20230917_112611785_HDR.jpg,images do not match
IMG_20250322_122530636.jpg,images do not match
IMG_20220423_140415872.jpg,images do not match
IMG_20240621_103811647.jpg,images do not match
IMG_20241020_132408823_HDR.jpg,images do not match
IMG_20240518_134431859.jpg,images do not match
IMG_20220531_120755295.jpg,images do not match
IMG_20230729_152828912_HDR.jpg,images do not match
IMG_20221005_110120650.jpg,images do not match
IMG_20221111_151717317_HDR.jpg,images do not match
IMG_20220918_170157690~2.jpg,images do not match
IMG_20221113_133142300_HDR.jpg,images do not match
IMG_20220602_163147299.jpg,images do not match
IMG_20241027_133128125.jpg,images do not match
IMG_20250322_141238804.jpg,images do not match
IMG_20221002_123143446.jpg,images do not match
IMG_20250420_114522394.jpg,images do not match
IMG_20250330_123510119_HDR.jpg,images do not match
IMG_20220530_121719998.jpg,images do not match
IMG_20230930_120636560_HDR.jpg,images do not match
IMG_20230909_133046918.jpg,images do not match
IMG_20230818_142146620.jpg,images do not match
IMG_20220716_124300546_HDR.jpg,images do not match
IMG_20230730_123217942_HDR-edited.jpg,images do not match
IMG_20250501_150538716.jpg,images do not match
IMG_20230917_113355124_HDR.jpg,images do not match
IMG_20230917_140002721_HDR.jpg,images do not match
IMG_20220625_112924123.jpg,images do not match
IMG_20230815_124450625.jpg,images do not match
IMG_20220530_175043446.jpg,images do not match
IMG_20221031_101115273_HDR.jpg,images do not match
IMG_20220423_161331765_HDR.jpg,images do not match
IMG_20241020_124839669_HDR.jpg,images do not match
IMG_20250322_122441618.jpg,images do not match
IMG_20230819_103216534.jpg,images do not match
IMG_20250322_134700894_HDR.jpg,images do not match
IMG_20221009_121722157_HDR.jpg,images do not match
IMG_20240419_113530682.jpg,images do not match
IMG_20250308_122749808.jpg,images do not match
IMG_20240519_113249009_HDR.jpg,images do not match
IMG_20240330_124833758_HDR.jpg,images do not match
IMG_20240518_142157622.jpg,images do not match
IMG_20230818_141902221_HDR.jpg,images do not match
IMG_20230819_101438054_HDR.jpg,images do not match
IMG_20220603_172555131_HDR.jpg,images do not match
IMG_20221112_140125.jpg,images do not match
IMG_20250112_073436624.jpg,images do not match
IMG_20230813_110258897.jpg,images do not match
IMG_20230826_123616.jpg,images do not match
IMG_20220904_125125695.jpg,images do not match
IMG_20230814_150503870.jpg,images do not match
IMG_20250330_123750885.jpg,images do not match
IMG_20250330_105110823_HDR.jpg,images do not match
IMG_20220605_132346760.jpg,images do not match
IMG_20230815_102524921.jpg,images do not match
IMG_20220530_125458224_HDR.jpg,images do not match
IMG_20220605_130204921.jpg,images do not match
IMG_20230505_125125546.jpg,images do not match
IMG_20230903_135523929.jpg,images do not match
IMG_20220618_134720173.jpg,images do not match
IMG_20240116_114505479_HDR.jpg,images do not match
IMG_20230917_133243011.jpg,images do not match
IMG_20240714_113502692_HDR.jpg,images do not match
IMG_20230416_125629534.jpg,images do not match
IMG_20221111_145700862_HDR.jpg,images do not match
IMG_20220716_124452201_HDR.jpg,images do not match
IMG_20220612_104206712.jpg,images do not match
IMG_20250117_162501693.jpg,images do not match
IMG_20220601_173143183.jpg,images do not match
IMG_20241020_171356395.jpg,images do not match
IMG_20230507_132624664.jpg,images do not match
IMG_20250420_115713196_HDR.jpg,images do not match
IMG_20230909_125928453_HDR.jpg,images do not match
IMG_20221111_145205323_HDR.jpg,images do not match
IMG_20230813_135757215_HDR.jpg,images do not match
IMG_20220602_133509878_HDR.jpg,images do not match
IMG_20220707_172935963_HDR.jpg,images do not match
IMG_20220716_110457788.jpg,images do not match
IMG_20241026_141816371.jpg,images do not match
IMG_20220602_165010600.jpg,images do not match
IMG_20241229_131336258.jpg,images do not match
IMG_20220702_114141148.jpg,images do not match
IMG_20230502_164604578_HDR.jpg,images do not match
IMG_20220601_135811564.jpg,images do not match
IMG_20221113_120904995.jpg,images do not match
IMG_20230815_114650138_HDR.jpg,images do not match
IMG_20250322_122918566_HDR.jpg,images do not match
IMG_20250501_152057501_HDR.jpg,images do not match
IMG_20220604_122310322_HDR.jpg,images do not match
IMG_20230501_145316282_HDR.jpg,images do not match
IMG_20250420_114333711.jpg,images do not match
IMG_20230416_135119036_BURST000_COVER_TOP.jpg,images do not match
IMG_20221113_133550454_HDR.jpg,images do not match
IMG_20220602_125112531.jpg,images do not match
IMG_20230901_140123056_HDR.jpg,images do not match
IMG_20250420_115823681_HDR.jpg,images do not match
IMG_20250501_123137190.jpg,images do not match
IMG_20250330_130542550.jpg,images do not match
IMG_20241010_181205988_HDR.jpg,images do not match
IMG_20230815_194039386.jpg,images do not match
IMG_20240824_121403296_HDR.jpg,images do not match
IMG_20250419_131630938.jpg,images do not match
IMG_20230816_124119235_HDR.jpg,images do not match
IMG_20230416_130335358.jpg,images do not match
IMG_20230730_123217942_HDR.jpg,images do not match
IMG_20230501_102931511.jpg,images do not match
IMG_20240309_132357794.jpg,images do not match
IMG_20221031_102501468.jpg,images do not match
IMG_20220531_094729494_HDR.jpg,images do not match
IMG_20221031_102243990.jpg,images do not match
IMG_20230814_124358528.jpg,images do not match
IMG_20230815_192928796_HDR.jpg,images do not match
IMG_20250215_132813902.jpg,images do not match
IMG_20250322_125107737.jpg,images do not match
IMG_20220602_154116691_HDR.jpg,images do not match
IMG_20230816_090835857.jpg,images do not match
IMG_20230814_152735314_HDR.jpg,images do not match
IMG_20220601_122443632_HDR.jpg,images do not match
IMG_20220618_101631325.jpg,images do not match
IMG_20230815_200809110.jpg,images do not match
IMG_20230416_132559098.jpg,images do not match
IMG_20240406_122219638.jpg,images do not match
IMG_20230818_142709985_HDR.jpg,images do not match
IMG_20230903_134907348.jpg,images do not match
IMG_20230909_125812469_HDR.jpg,images do not match
IMG_20240116_113948190_HDR.jpg,images do not match
IMG_20230814_150457309.jpg,images do not match
IMG_20241218_082431825_HDR.jpg,images do not match
IMG_20230507_120417027.jpg,images do not match
IMG_20220604_115918679.jpg,images do not match
IMG_20240519_111852521_HDR.jpg,images do not match
IMG_20240922_112436991_HDR.jpg,images do not match
IMG_20220602_125107042.jpg,images do not match
IMG_20220904_121616090_HDR.jpg,images do not match
IMG_20220618_135447339.jpg,images do not match
IMG_20240116_114505479_HDR-edited.jpg,images do not match
IMG_20230917_133154689_HDR.jpg,images do not match
IMG_20240428_124544460_HDR.jpg,images do not match
IMG_20230730_120613652_HDR.jpg,images do not match
IMG_20230917_133302133.jpg,images do not match
IMG_20230814_135743658.jpg,images do not match
IMG_20230903_132922883_HDR.jpg,images do not match
IMG_20230502_172905346_HDR.jpg,images do not match
IMG_20230110_133925983_HDR.jpg,images do not match
IMG_20230817_191755779.jpg,images do not match
IMG_20220423_141207878_HDR.jpg,images do not match
IMG_20221112_152317580_HDR.jpg,images do not match
IMG_20220603_160120119.jpg,images do not match
IMG_20250420_110243132.jpg,images do not match
IMG_20250418_102424286_HDR.jpg,images do not match
IMG_20230826_122412959.jpg,images do not match
IMG_20250421_124045197.jpg,images do not match
IMG_20220603_162449121.jpg,images do not match
IMG_20230901_132849207.jpg,images do not match
IMG_20230722_114404856.jpg,images do not match
IMG_20230930_120629336_HDR.jpg,images do not match
IMG_20230817_181232637.jpg,images do not match
IMG_20220807_124203252.jpg,images do not match
IMG_20230507_135208201_HDR.jpg,images do not match
IMG_20220603_174111921.jpg,images do not match
IMG_20230416_134239499.jpg,images do not match
IMG_20240720_125213178.jpg,images do not match
IMG_20230730_120613652_HDR-edited.jpg,images do not match
IMG_20220531_113104.jpg,images do not match
IMG_20250426_121648520_HDR.jpg,images do not match
IMG_20230730_131655828.jpg,images do not match
IMG_20250426_134206179_HDR.jpg,images do not match
IMG_20220904_133643342_HDR.jpg,images do not match
IMG_20250322_124241957_HDR.jpg,images do not match
IMG_20220531_114535.jpg,images do not match
IMG_20220605_125857194.jpg,images do not match
IMG_20230430_162405384_HDR.jpg,images do not match
IMG_20230504_123746794.jpg,images do not match
IMG_20230730_132627496.jpg,images do not match
IMG_20240518_135352338_HDR.jpg,images do not match
IMG_20220530_121307724_HDR.jpg,images do not match
IMG_20230502_165726920_HDR.jpg,images do not match
IMG_20220605_120216884.jpg,images do not match
IMG_20250501_123252967.jpg,images do not match
IMG_20230817_192936227.jpg,images do not match
IMG_20230813_112007925_HDR.jpg,images do not match
IMG_20230504_130510533.jpg,images do not match
IMG_20230819_103434355_HDR.jpg,images do not match
IMG_20230110_133950936_HDR.jpg,images do not match
IMG_20230815_124519564.jpg,images do not match
IMG_20230826_115343.jpg,images do not match
IMG_20240519_114225420.jpg,images do not match
IMG_20221113_123620488_HDR.jpg,images do not match
IMG_20220603_141018009.jpg,images do not match
IMG_20230814_133640135.jpg,images do not match
IMG_20230826_124112267.jpg,images do not match
IMG_20240714_125407337_HDR.jpg,images do not match
IMG_20220531_130347013.jpg,images do not match
IMG_20230903_134914801.jpg,images do not match
IMG_20250330_123724927.jpg,images do not match
IMG_20230903_152142760.jpg,images do not match
IMG_20220531_112851453.jpg,images do not match
IMG_20230502_164734200.jpg,images do not match
IMG_20230826_115750.jpg,images do not match
IMG_20220603_155330878.jpg,images do not match
IMG_20220530_174452856.jpg,images do not match
IMG_20220531_095035182_HDR.jpg,images do not match
IMG_20230815_122134770.jpg,images do not match
IMG_20230816_133423783.jpg,images do not match
IMG_20230909_130100155.jpg,images do not match
IMG_20230817_171807667.jpg,images do not match
IMG_20240406_123916259.jpg,images do not match
IMG_20220531_125005.jpg,images do not match
IMG_20230826_125802256.jpg,images do not match
IMG_20230722_111718952_HDR.jpg,images do not match
IMG_20230815_102414382.jpg,images do not match
IMG_20230903_135308927_HDR.jpg,images do not match
IMG_20241015_191523993.jpg,images do not match
IMG_20220603_154230188.jpg,images do not match
IMG_20250330_125415404.jpg,images do not match
IMG_20220528_154931142.jpg,images do not match
IMG_20220605_141919202.jpg,images do not match
IMG_20230816_151026441.jpg,images do not match
IMG_20230507_135535334.jpg,images do not match
IMG_20220807_132207348.jpg,images do not match
IMG_20230501_161613300.jpg,images do not match
IMG_20220603_170631605_HDR.jpg,images do not match
IMG_20240831_122905034_HDR.jpg,images do not match
IMG_20220603_173738915_HDR.jpg,images do not match
IMG_20220603_171129803_HDR.jpg,images do not match
IMG_20230528_110724209.jpg,images do not match
IMG_20230528_111644158.jpg,images do not match
IMG_20220807_121602908.jpg,images do not match
IMG_20240406_121916344.jpg,images do not match
IMG_20231029_130215090_HDR.jpg,images do not match
IMG_20220423_160030103.jpg,images do not match
IMG_20230505_161116282_HDR.jpg,images do not match
IMG_20230507_120007741_HDR.jpg,images do not match
IMG_20240519_131426013_HDR.jpg,images do not match
IMG_20220603_174105220_HDR.jpg,images do not match
